weather_id,date_id,store_id,temperature,rainfall,humidity,weather_condition
WTH20250101ST001,20250101,ST001,23.0,0.0,48,Sunny
WTH20250101ST002,20250101,ST002,18.7,0.0,43,Sunny
WTH20250101ST003,20250101,ST003,23.4,0.7,73,Cloudy
WTH20250101ST004,20250101,ST004,16.3,0.0,47,Sunny
WTH20250101ST005,20250101,ST005,21.6,0.0,46,Sunny
WTH20250102ST001,20250102,ST001,23.9,3.4,74,Cloudy
WTH20250102ST002,20250102,ST002,22.5,0.1,85,Cloudy
WTH20250102ST003,20250102,ST003,17.8,0.0,48,Sunny
WTH20250102ST004,20250102,ST004,17.7,23.5,72,Rainy
WTH20250102ST005,20250102,ST005,20.2,0.0,51,Sunny
WTH20250103ST001,20250103,ST001,22.6,5.8,77,Cloudy
WTH20250103ST002,20250103,ST002,17.4,9.3,79,Rainy
WTH20250103ST003,20250103,ST003,25.1,2.6,68,Partly Cloudy
WTH20250103ST004,20250103,ST004,18.1,0.0,61,Sunny
WTH20250103ST005,20250103,ST005,18.5,0.0,42,Sunny
WTH20250104ST001,20250104,ST001,25.4,3.0,74,Cloudy
WTH20250104ST002,20250104,ST002,23.0,0.0,51,Sunny
WTH20250104ST003,20250104,ST003,19.9,2.1,71,Partly Cloudy
WTH20250104ST004,20250104,ST004,23.1,0.5,73,Partly Cloudy
WTH20250104ST005,20250104,ST005,18.7,0.8,79,Partly Cloudy
WTH20250105ST001,20250105,ST001,23.0,2.1,76,Partly Cloudy
WTH20250105ST002,20250105,ST002,24.5,0.0,66,Sunny
WTH20250105ST003,20250105,ST003,16.4,0.0,48,Sunny
WTH20250105ST004,20250105,ST004,16.7,36.2,92,Rainy
WTH20250105ST005,20250105,ST005,19.5,1.2,79,Partly Cloudy
WTH20250106ST001,20250106,ST001,23.1,0.0,44,Sunny
WTH20250106ST002,20250106,ST002,18.7,0.8,68,Partly Cloudy
WTH20250106ST003,20250106,ST003,20.7,1.1,54,Partly Cloudy
WTH20250106ST004,20250106,ST004,21.6,0.0,41,Sunny
WTH20250106ST005,20250106,ST005,25.5,0.0,45,Sunny
WTH20250107ST001,20250107,ST001,24.7,0.0,42,Sunny
WTH20250107ST002,20250107,ST002,20.2,1.4,58,Partly Cloudy
WTH20250107ST003,20250107,ST003,26.7,0.1,83,Cloudy
WTH20250107ST004,20250107,ST004,17.3,6.0,84,Cloudy
WTH20250107ST005,20250107,ST005,23.1,0.0,53,Sunny
WTH20250108ST001,20250108,ST001,17.7,0.0,63,Sunny
WTH20250108ST002,20250108,ST002,25.6,0.0,56,Sunny
WTH20250108ST003,20250108,ST003,24.4,0.3,70,Partly Cloudy
WTH20250108ST004,20250108,ST004,19.3,1.8,54,Partly Cloudy
WTH20250108ST005,20250108,ST005,20.1,0.0,70,Sunny
WTH20250109ST001,20250109,ST001,24.6,0.0,60,Partly Cloudy
WTH20250109ST002,20250109,ST002,21.4,0.0,51,Sunny
WTH20250109ST003,20250109,ST003,25.7,2.5,61,Cloudy
WTH20250109ST004,20250109,ST004,18.6,0.2,73,Partly Cloudy
WTH20250109ST005,20250109,ST005,21.3,0.0,64,Sunny
WTH20250110ST001,20250110,ST001,21.9,0.0,61,Sunny
WTH20250110ST002,20250110,ST002,21.2,0.8,77,Partly Cloudy
WTH20250110ST003,20250110,ST003,22.7,56.1,94,Rainy
WTH20250110ST004,20250110,ST004,24.0,0.0,49,Sunny
WTH20250110ST005,20250110,ST005,20.4,1.1,78,Partly Cloudy
WTH20250111ST001,20250111,ST001,21.7,0.0,47,Sunny
WTH20250111ST002,20250111,ST002,16.7,0.0,57,Sunny
WTH20250111ST003,20250111,ST003,18.5,0.0,42,Sunny
WTH20250111ST004,20250111,ST004,23.8,0.0,42,Sunny
WTH20250111ST005,20250111,ST005,26.0,0.6,67,Cloudy
WTH20250112ST001,20250112,ST001,19.1,1.6,73,Partly Cloudy
WTH20250112ST002,20250112,ST002,26.3,1.4,75,Partly Cloudy
WTH20250112ST003,20250112,ST003,21.2,0.0,43,Sunny
WTH20250112ST004,20250112,ST004,17.1,0.0,53,Sunny
WTH20250112ST005,20250112,ST005,20.5,0.4,80,Cloudy
WTH20250113ST001,20250113,ST001,26.8,0.0,52,Sunny
WTH20250113ST002,20250113,ST002,24.0,0.9,66,Cloudy
WTH20250113ST003,20250113,ST003,18.1,0.0,53,Sunny
WTH20250113ST004,20250113,ST004,18.0,2.6,52,Partly Cloudy
WTH20250113ST005,20250113,ST005,20.9,4.4,61,Cloudy
WTH20250114ST001,20250114,ST001,23.2,0.0,52,Partly Cloudy
WTH20250114ST002,20250114,ST002,26.2,1.3,75,Cloudy
WTH20250114ST003,20250114,ST003,21.3,7.2,65,Cloudy
WTH20250114ST004,20250114,ST004,20.2,19.6,95,Rainy
WTH20250114ST005,20250114,ST005,24.6,0.0,62,Sunny
WTH20250115ST001,20250115,ST001,26.5,35.6,92,Rainy
WTH20250115ST002,20250115,ST002,21.4,0.0,46,Sunny
WTH20250115ST003,20250115,ST003,26.7,1.6,73,Partly Cloudy
WTH20250115ST004,20250115,ST004,19.4,0.0,55,Sunny
WTH20250115ST005,20250115,ST005,21.5,1.3,76,Cloudy
WTH20250116ST001,20250116,ST001,16.9,0.0,59,Sunny
WTH20250116ST002,20250116,ST002,16.7,3.2,78,Cloudy
WTH20250116ST003,20250116,ST003,18.7,1.9,63,Partly Cloudy
WTH20250116ST004,20250116,ST004,23.2,0.9,58,Partly Cloudy
WTH20250116ST005,20250116,ST005,18.2,1.9,72,Cloudy
WTH20250117ST001,20250117,ST001,17.4,1.4,79,Partly Cloudy
WTH20250117ST002,20250117,ST002,24.3,0.0,54,Sunny
WTH20250117ST003,20250117,ST003,22.8,0.3,67,Partly Cloudy
WTH20250117ST004,20250117,ST004,18.3,0.0,69,Sunny
WTH20250117ST005,20250117,ST005,19.8,0.0,47,Sunny
WTH20250118ST001,20250118,ST001,20.1,0.0,66,Sunny
WTH20250118ST002,20250118,ST002,22.0,0.0,65,Sunny
WTH20250118ST003,20250118,ST003,23.2,0.0,66,Sunny
WTH20250118ST004,20250118,ST004,22.1,10.7,74,Rainy
WTH20250118ST005,20250118,ST005,18.9,5.9,64,Cloudy
WTH20250119ST001,20250119,ST001,19.0,2.2,56,Partly Cloudy
WTH20250119ST002,20250119,ST002,23.6,4.0,68,Cloudy
WTH20250119ST003,20250119,ST003,26.0,0.7,73,Cloudy
WTH20250119ST004,20250119,ST004,25.1,0.0,50,Sunny
WTH20250119ST005,20250119,ST005,24.5,0.8,73,Partly Cloudy
WTH20250120ST001,20250120,ST001,20.9,4.5,63,Cloudy
WTH20250120ST002,20250120,ST002,16.8,7.2,77,Cloudy
WTH20250120ST003,20250120,ST003,16.4,0.0,57,Sunny
WTH20250120ST004,20250120,ST004,17.6,0.0,49,Sunny
WTH20250120ST005,20250120,ST005,20.0,58.5,71,Rainy
WTH20250121ST001,20250121,ST001,25.9,0.0,47,Sunny
WTH20250121ST002,20250121,ST002,23.3,0.0,57,Sunny
WTH20250121ST003,20250121,ST003,25.7,0.0,59,Sunny
WTH20250121ST004,20250121,ST004,24.2,18.0,75,Rainy
WTH20250121ST005,20250121,ST005,26.7,7.1,60,Cloudy
WTH20250122ST001,20250122,ST001,18.0,48.0,83,Rainy
WTH20250122ST002,20250122,ST002,24.8,6.5,68,Cloudy
WTH20250122ST003,20250122,ST003,17.8,3.1,61,Cloudy
WTH20250122ST004,20250122,ST004,25.4,0.0,66,Sunny
WTH20250122ST005,20250122,ST005,26.1,0.0,66,Sunny
WTH20250123ST001,20250123,ST001,24.7,0.0,40,Sunny
WTH20250123ST002,20250123,ST002,23.3,0.0,48,Sunny
WTH20250123ST003,20250123,ST003,25.5,20.4,90,Rainy
WTH20250123ST004,20250123,ST004,21.6,2.5,60,Partly Cloudy
WTH20250123ST005,20250123,ST005,26.3,0.0,48,Sunny
WTH20250124ST001,20250124,ST001,18.0,19.6,73,Rainy
WTH20250124ST002,20250124,ST002,22.6,0.0,65,Sunny
WTH20250124ST003,20250124,ST003,19.5,1.5,62,Partly Cloudy
WTH20250124ST004,20250124,ST004,25.9,0.0,41,Sunny
WTH20250124ST005,20250124,ST005,23.8,0.0,69,Sunny
WTH20250125ST001,20250125,ST001,24.9,2.8,73,Partly Cloudy
WTH20250125ST002,20250125,ST002,23.4,0.0,42,Sunny
WTH20250125ST003,20250125,ST003,26.4,39.3,91,Rainy
WTH20250125ST004,20250125,ST004,25.3,2.4,69,Cloudy
WTH20250125ST005,20250125,ST005,23.3,0.0,62,Sunny
WTH20250126ST001,20250126,ST001,19.3,0.0,53,Sunny
WTH20250126ST002,20250126,ST002,23.3,0.0,63,Sunny
WTH20250126ST003,20250126,ST003,25.9,0.9,67,Partly Cloudy
WTH20250126ST004,20250126,ST004,25.2,0.0,46,Sunny
WTH20250126ST005,20250126,ST005,20.7,2.0,64,Partly Cloudy
WTH20250127ST001,20250127,ST001,20.9,1.5,75,Partly Cloudy
WTH20250127ST002,20250127,ST002,25.9,1.4,62,Cloudy
WTH20250127ST003,20250127,ST003,19.1,1.9,52,Partly Cloudy
WTH20250127ST004,20250127,ST004,25.0,5.4,67,Cloudy
WTH20250127ST005,20250127,ST005,24.9,0.0,41,Sunny
WTH20250128ST001,20250128,ST001,18.7,2.5,52,Partly Cloudy
WTH20250128ST002,20250128,ST002,21.0,4.6,82,Cloudy
WTH20250128ST003,20250128,ST003,23.7,0.7,70,Partly Cloudy
WTH20250128ST004,20250128,ST004,23.6,6.9,63,Cloudy
WTH20250128ST005,20250128,ST005,24.6,0.0,65,Sunny
WTH20250129ST001,20250129,ST001,26.5,0.2,57,Partly Cloudy
WTH20250129ST002,20250129,ST002,26.1,0.0,44,Sunny
WTH20250129ST003,20250129,ST003,24.8,3.0,69,Partly Cloudy
WTH20250129ST004,20250129,ST004,19.5,3.5,83,Cloudy
WTH20250129ST005,20250129,ST005,25.8,0.0,69,Sunny
WTH20250130ST001,20250130,ST001,22.0,5.9,75,Cloudy
WTH20250130ST002,20250130,ST002,21.0,6.7,68,Cloudy
WTH20250130ST003,20250130,ST003,24.4,1.9,58,Partly Cloudy
WTH20250130ST004,20250130,ST004,20.8,1.9,70,Cloudy
WTH20250130ST005,20250130,ST005,19.5,0.4,57,Partly Cloudy
WTH20250131ST001,20250131,ST001,20.2,0.0,46,Sunny
WTH20250131ST002,20250131,ST002,16.7,0.0,57,Sunny
WTH20250131ST003,20250131,ST003,21.1,0.0,66,Sunny
WTH20250131ST004,20250131,ST004,20.6,37.1,92,Rainy
WTH20250131ST005,20250131,ST005,16.2,4.6,75,Cloudy
WTH20250201ST001,20250201,ST001,16.1,0.0,64,Sunny
WTH20250201ST002,20250201,ST002,20.3,6.7,77,Cloudy
WTH20250201ST003,20250201,ST003,24.2,1.8,57,Partly Cloudy
WTH20250201ST004,20250201,ST004,21.4,0.0,55,Sunny
WTH20250201ST005,20250201,ST005,16.3,0.0,61,Sunny
WTH20250202ST001,20250202,ST001,24.8,6.7,64,Cloudy
WTH20250202ST002,20250202,ST002,26.8,2.7,68,Partly Cloudy
WTH20250202ST003,20250202,ST003,22.2,0.0,60,Sunny
WTH20250202ST004,20250202,ST004,20.7,1.5,68,Cloudy
WTH20250202ST005,20250202,ST005,20.2,0.0,50,Sunny
WTH20250203ST001,20250203,ST001,19.7,2.2,73,Cloudy
WTH20250203ST002,20250203,ST002,18.8,0.0,40,Sunny
WTH20250203ST003,20250203,ST003,24.2,0.0,70,Sunny
WTH20250203ST004,20250203,ST004,19.8,2.3,70,Partly Cloudy
WTH20250203ST005,20250203,ST005,16.4,0.0,47,Sunny
WTH20250204ST001,20250204,ST001,18.2,0.0,44,Sunny
WTH20250204ST002,20250204,ST002,18.6,0.3,80,Partly Cloudy
WTH20250204ST003,20250204,ST003,18.4,2.3,55,Partly Cloudy
WTH20250204ST004,20250204,ST004,22.7,44.5,94,Rainy
WTH20250204ST005,20250204,ST005,25.0,10.9,70,Rainy
WTH20250205ST001,20250205,ST001,26.2,2.7,62,Partly Cloudy
WTH20250205ST002,20250205,ST002,20.4,0.6,82,Cloudy
WTH20250205ST003,20250205,ST003,25.1,0.0,62,Sunny
WTH20250205ST004,20250205,ST004,24.5,4.8,63,Cloudy
WTH20250205ST005,20250205,ST005,24.8,0.1,67,Partly Cloudy
WTH20250206ST001,20250206,ST001,20.7,0.0,56,Sunny
WTH20250206ST002,20250206,ST002,23.1,0.0,53,Sunny
WTH20250206ST003,20250206,ST003,25.0,0.0,70,Sunny
WTH20250206ST004,20250206,ST004,20.0,3.7,64,Cloudy
WTH20250206ST005,20250206,ST005,20.8,7.7,68,Cloudy
WTH20250207ST001,20250207,ST001,22.8,47.6,84,Rainy
WTH20250207ST002,20250207,ST002,20.8,2.1,67,Cloudy
WTH20250207ST003,20250207,ST003,25.1,0.0,68,Sunny
WTH20250207ST004,20250207,ST004,21.0,4.6,81,Cloudy
WTH20250207ST005,20250207,ST005,20.2,0.0,67,Sunny
WTH20250208ST001,20250208,ST001,19.6,1.1,58,Partly Cloudy
WTH20250208ST002,20250208,ST002,19.7,5.6,68,Cloudy
WTH20250208ST003,20250208,ST003,22.1,0.6,57,Partly Cloudy
WTH20250208ST004,20250208,ST004,23.9,2.3,72,Partly Cloudy
WTH20250208ST005,20250208,ST005,21.2,3.6,60,Cloudy
WTH20250209ST001,20250209,ST001,17.0,0.0,62,Sunny
WTH20250209ST002,20250209,ST002,18.7,1.1,67,Partly Cloudy
WTH20250209ST003,20250209,ST003,21.8,0.0,63,Sunny
WTH20250209ST004,20250209,ST004,22.1,0.0,54,Sunny
WTH20250209ST005,20250209,ST005,19.0,0.0,43,Sunny
WTH20250210ST001,20250210,ST001,23.9,0.0,63,Sunny
WTH20250210ST002,20250210,ST002,21.9,1.5,66,Cloudy
WTH20250210ST003,20250210,ST003,24.1,0.0,58,Sunny
WTH20250210ST004,20250210,ST004,26.7,0.8,53,Partly Cloudy
WTH20250210ST005,20250210,ST005,25.2,0.0,51,Sunny
WTH20250211ST001,20250211,ST001,18.0,0.0,57,Sunny
WTH20250211ST002,20250211,ST002,17.4,0.0,41,Sunny
WTH20250211ST003,20250211,ST003,22.1,0.4,77,Partly Cloudy
WTH20250211ST004,20250211,ST004,24.3,0.0,40,Sunny
WTH20250211ST005,20250211,ST005,22.3,1.3,55,Partly Cloudy
WTH20250212ST001,20250212,ST001,26.6,0.0,67,Sunny
WTH20250212ST002,20250212,ST002,21.3,3.2,62,Cloudy
WTH20250212ST003,20250212,ST003,22.3,0.5,75,Partly Cloudy
WTH20250212ST004,20250212,ST004,22.2,0.0,47,Sunny
WTH20250212ST005,20250212,ST005,17.3,4.9,85,Cloudy
WTH20250213ST001,20250213,ST001,22.8,3.0,74,Cloudy
WTH20250213ST002,20250213,ST002,19.3,1.3,68,Partly Cloudy
WTH20250213ST003,20250213,ST003,22.8,2.2,80,Partly Cloudy
WTH20250213ST004,20250213,ST004,24.4,0.8,52,Partly Cloudy
WTH20250213ST005,20250213,ST005,17.7,0.0,42,Sunny
WTH20250214ST001,20250214,ST001,17.7,0.0,62,Sunny
WTH20250214ST002,20250214,ST002,22.5,0.0,47,Sunny
WTH20250214ST003,20250214,ST003,19.2,0.0,67,Sunny
WTH20250214ST004,20250214,ST004,21.0,2.8,75,Partly Cloudy
WTH20250214ST005,20250214,ST005,24.7,2.4,56,Partly Cloudy
WTH20250215ST001,20250215,ST001,20.7,1.9,79,Partly Cloudy
WTH20250215ST002,20250215,ST002,18.9,0.0,41,Sunny
WTH20250215ST003,20250215,ST003,17.8,0.0,63,Sunny
WTH20250215ST004,20250215,ST004,25.1,29.2,84,Rainy
WTH20250215ST005,20250215,ST005,23.6,2.8,66,Partly Cloudy
WTH20250216ST001,20250216,ST001,21.9,0.0,59,Sunny
WTH20250216ST002,20250216,ST002,16.4,0.0,50,Sunny
WTH20250216ST003,20250216,ST003,22.6,0.0,47,Sunny
WTH20250216ST004,20250216,ST004,26.6,4.6,60,Cloudy
WTH20250216ST005,20250216,ST005,27.0,0.8,51,Partly Cloudy
WTH20250217ST001,20250217,ST001,24.4,0.0,56,Sunny
WTH20250217ST002,20250217,ST002,23.2,15.0,88,Rainy
WTH20250217ST003,20250217,ST003,20.8,7.8,75,Cloudy
WTH20250217ST004,20250217,ST004,19.8,0.0,61,Sunny
WTH20250217ST005,20250217,ST005,17.2,0.0,53,Sunny
WTH20250218ST001,20250218,ST001,23.6,0.0,70,Sunny
WTH20250218ST002,20250218,ST002,20.4,0.3,62,Cloudy
WTH20250218ST003,20250218,ST003,19.5,0.0,64,Sunny
WTH20250218ST004,20250218,ST004,20.4,3.0,71,Partly Cloudy
WTH20250218ST005,20250218,ST005,25.6,0.2,66,Partly Cloudy
WTH20250219ST001,20250219,ST001,20.0,5.0,84,Cloudy
WTH20250219ST002,20250219,ST002,16.6,0.0,44,Sunny
WTH20250219ST003,20250219,ST003,26.2,0.0,62,Sunny
WTH20250219ST004,20250219,ST004,21.3,0.0,60,Sunny
WTH20250219ST005,20250219,ST005,22.7,0.0,45,Sunny
WTH20250220ST001,20250220,ST001,19.4,0.0,53,Sunny
WTH20250220ST002,20250220,ST002,17.0,55.2,84,Rainy
WTH20250220ST003,20250220,ST003,26.4,0.5,79,Partly Cloudy
WTH20250220ST004,20250220,ST004,23.9,0.8,76,Partly Cloudy
WTH20250220ST005,20250220,ST005,21.3,1.4,54,Partly Cloudy
WTH20250221ST001,20250221,ST001,20.2,33.0,74,Rainy
WTH20250221ST002,20250221,ST002,25.5,0.0,65,Sunny
WTH20250221ST003,20250221,ST003,25.4,0.0,65,Sunny
WTH20250221ST004,20250221,ST004,21.6,2.3,69,Cloudy
WTH20250221ST005,20250221,ST005,25.2,2.0,77,Partly Cloudy
WTH20250222ST001,20250222,ST001,17.6,1.0,67,Partly Cloudy
WTH20250222ST002,20250222,ST002,24.4,0.0,69,Sunny
WTH20250222ST003,20250222,ST003,19.5,0.0,62,Sunny
WTH20250222ST004,20250222,ST004,18.6,0.0,67,Sunny
WTH20250222ST005,20250222,ST005,24.5,0.0,63,Sunny
WTH20250223ST001,20250223,ST001,21.2,26.0,91,Rainy
WTH20250223ST002,20250223,ST002,24.7,0.5,80,Partly Cloudy
WTH20250223ST003,20250223,ST003,16.4,1.8,77,Partly Cloudy
WTH20250223ST004,20250223,ST004,17.1,0.8,74,Cloudy
WTH20250223ST005,20250223,ST005,16.2,0.0,67,Sunny
WTH20250224ST001,20250224,ST001,23.2,0.0,55,Sunny
WTH20250224ST002,20250224,ST002,24.6,0.0,59,Sunny
WTH20250224ST003,20250224,ST003,23.6,2.6,77,Partly Cloudy
WTH20250224ST004,20250224,ST004,23.4,2.9,70,Partly Cloudy
WTH20250224ST005,20250224,ST005,23.9,7.0,61,Cloudy
WTH20250225ST001,20250225,ST001,22.8,0.0,61,Sunny
WTH20250225ST002,20250225,ST002,26.1,46.1,83,Rainy
WTH20250225ST003,20250225,ST003,26.8,5.6,63,Cloudy
WTH20250225ST004,20250225,ST004,20.9,2.7,51,Partly Cloudy
WTH20250225ST005,20250225,ST005,19.6,0.0,51,Sunny
WTH20250226ST001,20250226,ST001,20.1,0.0,56,Sunny
WTH20250226ST002,20250226,ST002,20.5,0.5,55,Partly Cloudy
WTH20250226ST003,20250226,ST003,16.9,5.0,67,Cloudy
WTH20250226ST004,20250226,ST004,21.5,0.7,70,Partly Cloudy
WTH20250226ST005,20250226,ST005,18.8,0.0,40,Sunny
WTH20250227ST001,20250227,ST001,25.9,0.9,67,Partly Cloudy
WTH20250227ST002,20250227,ST002,17.7,0.0,51,Sunny
WTH20250227ST003,20250227,ST003,26.9,0.0,70,Sunny
WTH20250227ST004,20250227,ST004,20.7,0.0,67,Sunny
WTH20250227ST005,20250227,ST005,19.3,51.9,73,Rainy
WTH20250228ST001,20250228,ST001,18.6,1.7,72,Partly Cloudy
WTH20250228ST002,20250228,ST002,19.2,41.2,78,Rainy
WTH20250228ST003,20250228,ST003,16.1,6.2,61,Cloudy
WTH20250228ST004,20250228,ST004,26.0,6.7,69,Cloudy
WTH20250228ST005,20250228,ST005,24.5,0.0,65,Sunny
WTH20250301ST001,20250301,ST001,26.2,1.9,71,Partly Cloudy
WTH20250301ST002,20250301,ST002,31.1,5.4,64,Cloudy
WTH20250301ST003,20250301,ST003,29.5,40.5,79,Rainy
WTH20250301ST004,20250301,ST004,31.5,0.0,51,Sunny
WTH20250301ST005,20250301,ST005,30.8,0.0,49,Sunny
WTH20250302ST001,20250302,ST001,25.9,0.0,46,Sunny
WTH20250302ST002,20250302,ST002,23.6,2.9,66,Partly Cloudy
WTH20250302ST003,20250302,ST003,28.0,0.0,45,Sunny
WTH20250302ST004,20250302,ST004,25.1,3.9,85,Cloudy
WTH20250302ST005,20250302,ST005,25.5,6.4,74,Cloudy
WTH20250303ST001,20250303,ST001,33.6,0.0,70,Sunny
WTH20250303ST002,20250303,ST002,24.7,2.0,62,Partly Cloudy
WTH20250303ST003,20250303,ST003,33.6,2.9,85,Cloudy
WTH20250303ST004,20250303,ST004,26.7,0.0,43,Sunny
WTH20250303ST005,20250303,ST005,27.5,2.0,68,Partly Cloudy
WTH20250304ST001,20250304,ST001,26.6,1.1,71,Partly Cloudy
WTH20250304ST002,20250304,ST002,24.8,0.0,68,Sunny
WTH20250304ST003,20250304,ST003,33.3,0.0,59,Sunny
WTH20250304ST004,20250304,ST004,24.7,0.0,66,Sunny
WTH20250304ST005,20250304,ST005,27.6,5.2,63,Cloudy
WTH20250305ST001,20250305,ST001,23.7,21.7,85,Rainy
WTH20250305ST002,20250305,ST002,23.4,0.0,57,Sunny
WTH20250305ST003,20250305,ST003,23.6,2.0,73,Partly Cloudy
WTH20250305ST004,20250305,ST004,30.4,1.8,73,Partly Cloudy
WTH20250305ST005,20250305,ST005,23.9,0.0,43,Sunny
WTH20250306ST001,20250306,ST001,32.0,2.8,58,Partly Cloudy
WTH20250306ST002,20250306,ST002,22.4,0.0,54,Sunny
WTH20250306ST003,20250306,ST003,27.3,0.0,51,Sunny
WTH20250306ST004,20250306,ST004,23.2,1.6,70,Partly Cloudy
WTH20250306ST005,20250306,ST005,26.3,0.0,46,Sunny
WTH20250307ST001,20250307,ST001,33.6,50.3,72,Rainy
WTH20250307ST002,20250307,ST002,30.0,1.8,50,Partly Cloudy
WTH20250307ST003,20250307,ST003,22.6,0.0,44,Sunny
WTH20250307ST004,20250307,ST004,31.4,0.0,66,Sunny
WTH20250307ST005,20250307,ST005,31.2,0.0,46,Sunny
WTH20250308ST001,20250308,ST001,31.8,0.0,64,Sunny
WTH20250308ST002,20250308,ST002,23.8,5.2,74,Rainy
WTH20250308ST003,20250308,ST003,33.9,2.4,53,Partly Cloudy
WTH20250308ST004,20250308,ST004,29.9,0.0,40,Sunny
WTH20250308ST005,20250308,ST005,26.3,4.7,60,Cloudy
WTH20250309ST001,20250309,ST001,24.1,0.0,63,Sunny
WTH20250309ST002,20250309,ST002,27.1,0.0,42,Sunny
WTH20250309ST003,20250309,ST003,27.7,4.1,63,Cloudy
WTH20250309ST004,20250309,ST004,27.4,0.0,59,Sunny
WTH20250309ST005,20250309,ST005,22.5,6.9,76,Cloudy
WTH20250310ST001,20250310,ST001,25.6,0.1,65,Partly Cloudy
WTH20250310ST002,20250310,ST002,32.2,0.0,43,Sunny
WTH20250310ST003,20250310,ST003,27.9,9.0,72,Rainy
WTH20250310ST004,20250310,ST004,25.9,0.0,44,Sunny
WTH20250310ST005,20250310,ST005,25.3,1.6,60,Partly Cloudy
WTH20250311ST001,20250311,ST001,26.6,0.9,66,Partly Cloudy
WTH20250311ST002,20250311,ST002,29.3,0.0,62,Sunny
WTH20250311ST003,20250311,ST003,23.4,2.6,67,Partly Cloudy
WTH20250311ST004,20250311,ST004,30.7,0.0,54,Sunny
WTH20250311ST005,20250311,ST005,32.7,0.0,66,Sunny
WTH20250312ST001,20250312,ST001,27.4,0.0,43,Sunny
WTH20250312ST002,20250312,ST002,25.8,0.0,48,Sunny
WTH20250312ST003,20250312,ST003,26.5,0.0,69,Sunny
WTH20250312ST004,20250312,ST004,27.7,0.0,42,Sunny
WTH20250312ST005,20250312,ST005,23.1,0.0,63,Sunny
WTH20250313ST001,20250313,ST001,26.5,0.0,41,Sunny
WTH20250313ST002,20250313,ST002,29.0,1.0,53,Partly Cloudy
WTH20250313ST003,20250313,ST003,26.9,7.5,73,Cloudy
WTH20250313ST004,20250313,ST004,32.4,7.7,79,Cloudy
WTH20250313ST005,20250313,ST005,25.7,0.0,56,Sunny
WTH20250314ST001,20250314,ST001,24.6,0.7,53,Partly Cloudy
WTH20250314ST002,20250314,ST002,26.2,0.3,58,Partly Cloudy
WTH20250314ST003,20250314,ST003,28.9,6.8,84,Cloudy
WTH20250314ST004,20250314,ST004,31.8,1.9,50,Partly Cloudy
WTH20250314ST005,20250314,ST005,29.3,2.1,50,Partly Cloudy
WTH20250315ST001,20250315,ST001,24.2,2.5,70,Cloudy
WTH20250315ST002,20250315,ST002,26.2,0.0,44,Sunny
WTH20250315ST003,20250315,ST003,28.8,0.0,44,Sunny
WTH20250315ST004,20250315,ST004,30.9,10.0,86,Rainy
WTH20250315ST005,20250315,ST005,24.6,0.0,50,Sunny
WTH20250316ST001,20250316,ST001,23.9,0.0,50,Sunny
WTH20250316ST002,20250316,ST002,31.3,0.3,51,Partly Cloudy
WTH20250316ST003,20250316,ST003,23.9,0.4,62,Cloudy
WTH20250316ST004,20250316,ST004,25.3,1.5,64,Partly Cloudy
WTH20250316ST005,20250316,ST005,27.0,0.0,56,Sunny
WTH20250317ST001,20250317,ST001,23.4,0.0,49,Sunny
WTH20250317ST002,20250317,ST002,30.1,1.6,59,Partly Cloudy
WTH20250317ST003,20250317,ST003,22.5,0.0,59,Sunny
WTH20250317ST004,20250317,ST004,22.7,0.0,70,Sunny
WTH20250317ST005,20250317,ST005,24.5,0.0,48,Sunny
WTH20250318ST001,20250318,ST001,25.5,0.0,55,Sunny
WTH20250318ST002,20250318,ST002,31.0,0.0,52,Sunny
WTH20250318ST003,20250318,ST003,28.4,0.0,57,Sunny
WTH20250318ST004,20250318,ST004,32.0,0.6,83,Cloudy
WTH20250318ST005,20250318,ST005,22.5,0.0,69,Sunny
WTH20250319ST001,20250319,ST001,22.9,0.0,53,Sunny
WTH20250319ST002,20250319,ST002,28.9,3.3,63,Cloudy
WTH20250319ST003,20250319,ST003,26.9,14.5,89,Rainy
WTH20250319ST004,20250319,ST004,27.5,1.1,63,Partly Cloudy
WTH20250319ST005,20250319,ST005,32.1,0.0,58,Sunny
WTH20250320ST001,20250320,ST001,26.8,0.0,67,Sunny
WTH20250320ST002,20250320,ST002,25.7,0.0,50,Sunny
WTH20250320ST003,20250320,ST003,31.3,0.0,60,Sunny
WTH20250320ST004,20250320,ST004,23.4,2.7,61,Partly Cloudy
WTH20250320ST005,20250320,ST005,26.2,40.5,74,Rainy
WTH20250321ST001,20250321,ST001,24.8,0.0,46,Sunny
WTH20250321ST002,20250321,ST002,24.1,0.0,64,Sunny
WTH20250321ST003,20250321,ST003,29.9,0.0,64,Sunny
WTH20250321ST004,20250321,ST004,29.5,1.7,68,Partly Cloudy
WTH20250321ST005,20250321,ST005,27.4,36.0,90,Rainy
WTH20250322ST001,20250322,ST001,33.8,0.0,60,Sunny
WTH20250322ST002,20250322,ST002,25.8,0.0,55,Sunny
WTH20250322ST003,20250322,ST003,27.3,0.0,48,Sunny
WTH20250322ST004,20250322,ST004,29.1,0.0,42,Sunny
WTH20250322ST005,20250322,ST005,25.7,0.2,76,Partly Cloudy
WTH20250323ST001,20250323,ST001,25.4,2.9,52,Partly Cloudy
WTH20250323ST002,20250323,ST002,29.4,1.4,67,Partly Cloudy
WTH20250323ST003,20250323,ST003,33.5,0.3,85,Cloudy
WTH20250323ST004,20250323,ST004,28.9,0.0,59,Sunny
WTH20250323ST005,20250323,ST005,27.7,0.0,41,Sunny
WTH20250324ST001,20250324,ST001,27.4,6.7,82,Cloudy
WTH20250324ST002,20250324,ST002,23.0,0.1,72,Partly Cloudy
WTH20250324ST003,20250324,ST003,27.3,0.0,56,Sunny
WTH20250324ST004,20250324,ST004,29.3,0.0,69,Sunny
WTH20250324ST005,20250324,ST005,25.4,0.0,50,Sunny
WTH20250325ST001,20250325,ST001,30.1,0.0,60,Sunny
WTH20250325ST002,20250325,ST002,29.8,0.0,43,Sunny
WTH20250325ST003,20250325,ST003,28.7,0.0,48,Sunny
WTH20250325ST004,20250325,ST004,30.7,2.7,77,Partly Cloudy
WTH20250325ST005,20250325,ST005,23.8,0.0,61,Sunny
WTH20250326ST001,20250326,ST001,23.7,0.0,70,Sunny
WTH20250326ST002,20250326,ST002,29.9,0.4,72,Partly Cloudy
WTH20250326ST003,20250326,ST003,33.3,0.0,52,Sunny
WTH20250326ST004,20250326,ST004,29.7,0.0,44,Sunny
WTH20250326ST005,20250326,ST005,30.0,5.9,81,Cloudy
WTH20250327ST001,20250327,ST001,32.9,0.0,61,Sunny
WTH20250327ST002,20250327,ST002,27.1,0.0,51,Sunny
WTH20250327ST003,20250327,ST003,25.7,23.8,94,Rainy
WTH20250327ST004,20250327,ST004,27.8,0.0,44,Sunny
WTH20250327ST005,20250327,ST005,23.9,0.0,65,Sunny
WTH20250328ST001,20250328,ST001,23.2,6.7,76,Cloudy
WTH20250328ST002,20250328,ST002,22.5,0.0,64,Sunny
WTH20250328ST003,20250328,ST003,29.4,0.5,55,Partly Cloudy
WTH20250328ST004,20250328,ST004,32.0,6.5,65,Cloudy
WTH20250328ST005,20250328,ST005,30.7,0.0,51,Sunny
WTH20250329ST001,20250329,ST001,30.1,0.0,54,Sunny
WTH20250329ST002,20250329,ST002,29.3,6.3,67,Cloudy
WTH20250329ST003,20250329,ST003,28.4,0.0,65,Sunny
WTH20250329ST004,20250329,ST004,31.4,15.7,91,Rainy
WTH20250329ST005,20250329,ST005,33.4,30.4,79,Rainy
WTH20250330ST001,20250330,ST001,31.3,1.3,55,Partly Cloudy
WTH20250330ST002,20250330,ST002,31.8,1.1,68,Cloudy
WTH20250330ST003,20250330,ST003,22.6,1.1,79,Partly Cloudy
WTH20250330ST004,20250330,ST004,23.2,6.8,69,Cloudy
WTH20250330ST005,20250330,ST005,23.0,0.0,54,Sunny
WTH20250331ST001,20250331,ST001,32.9,0.0,53,Sunny
WTH20250331ST002,20250331,ST002,23.1,49.9,81,Rainy
WTH20250331ST003,20250331,ST003,33.2,0.0,52,Sunny
WTH20250331ST004,20250331,ST004,28.0,0.0,42,Sunny
WTH20250331ST005,20250331,ST005,26.5,0.0,69,Sunny
